Image_name,Patient_ID,Label,patient_label,fold,role_fold0,role_fold1,role_fold2,role_fold3,role_fold4
P1_L_DM_MLO,1,Malignant,Malignant,0,test,val,train,train,train
P2_R_DM_CC,2,Benign,Benign,0,test,train,train,train,train
P2_R_DM_MLO,2,Benign,Benign,0,test,train,train,train,train
P2_L_DM_CC,2,Benign,Benign,0,test,train,train,train,train
P2_L_DM_MLO,2,Benign,Benign,0,test,train,train,train,train
P3_L_DM_CC,3,Malignant,Malignant,3,train,val,train,test,train
P3_L_DM_MLO,3,Malignant,Malignant,3,train,val,train,test,train
P3_R_DM_CC,3,Benign,Malignant,3,train,val,train,test,train
P3_R_DM_MLO,3,Benign,Malignant,3,train,val,train,test,train
P6_R_DM_CC,6,Benign,Benign,1,train,test,val,train,train
P6_L_DM_MLO,6,Benign,Benign,1,train,test,val,train,train
P7_L_DM_MLO,7,Malignant,Malignant,1,train,test,train,val,val
P8_L_DM_MLO,8,Benign,Benign,4,train,train,val,train,test
P9_L_DM_MLO,9,Benign,Benign,2,train,train,test,train,train
P10_R_DM_CC,10,Benign,Benign,3,train,train,train,test,train
P10_R_DM_MLO,10,Benign,Benign,3,train,train,train,test,train
P10_L_DM_CC,10,Benign,Benign,3,train,train,train,test,train
P10_L_DM_MLO,10,Benign,Benign,3,train,train,train,test,train
P11_R_DM_CC,11,Benign,Benign,3,train,train,val,test,train
P11_R_DM_MLO,11,Benign,Benign,3,train,train,val,test,train
P12_L_DM_CC,12,Malignant,Malignant,4,train,train,train,train,test
P12_L_DM_MLO,12,Malignant,Malignant,4,train,train,train,train,test
P13_R_DM_CC,13,Benign,Benign,2,train,train,test,train,train
P14_R_DM_CC,14,Benign,Benign,4,val,train,val,train,test
P14_R_DM_MLO,14,Benign,Benign,4,val,train,val,train,test
P15_L_DM_MLO,15,Benign,Benign,0,test,val,train,train,train
P16_R_DM_MLO,16,Malignant,Malignant,4,train,val,train,train,test
P17_R_DM_MLO,17,Benign,Benign,0,test,train,train,train,val
P18_R_DM_CC,18,Benign,Malignant,1,train,test,train,train,train
P18_R_DM_MLO,18,Benign,Malignant,1,train,test,train,train,train
P18_L_DM_CC,18,Malignant,Malignant,1,train,test,train,train,train
P18_L_DM_MLO,18,Malignant,Malignant,1,train,test,train,train,train
P19_L_DM_CC,19,Benign,Benign,1,train,test,train,val,val
P19_L_DM_MLO,19,Benign,Benign,1,train,test,train,val,val
P20_R_DM_MLO,20,Benign,Benign,2,train,train,test,train,train
P21_R_DM_CC,21,Benign,Benign,3,train,train,train,test,train
P21_R_DM_MLO,21,Benign,Benign,3,train,train,train,test,train
P22_L_DM_CC,22,Benign,Benign,2,val,val,test,train,train
P23_R_DM_CC,23,Benign,Benign,1,val,test,train,train,train
P24_R_DM_CC,24,Malignant,Malignant,3,train,train,train,test,val
P24_R_DM_MLO,24,Malignant,Malignant,3,train,train,train,test,val
P25_L_DM_MLO,25,Benign,Benign,1,val,test,train,train,train
P26_L_DM_CC,26,Malignant,Malignant,0,test,val,train,train,train
P26_L_DM_MLO,26,Malignant,Malignant,0,test,val,train,train,train
P27_L_DM_CC,27,Malignant,Malignant,4,train,train,train,train,test
P27_L_DM_MLO,27,Malignant,Malignant,4,train,train,train,train,test
P28_R_DM_CC,28,Benign,Malignant,1,train,test,train,train,train
P28_R_DM_MLO,28,Benign,Malignant,1,train,test,train,train,train
P28_L_DM_MLO,28,Malignant,Malignant,1,train,test,train,train,train
P29_L_DM_CC,29,Malignant,Malignant,4,train,train,train,train,test
P30_R_DM_CC,30,Benign,Benign,2,train,train,test,train,train
P30_R_DM_MLO,30,Benign,Benign,2,train,train,test,train,train
P31_R_DM_CC,31,Benign,Benign,0,test,train,val,train,train
P31_R_DM_MLO,31,Benign,Benign,0,test,train,val,train,train
P31_L_DM_CC,31,Benign,Benign,0,test,train,val,train,train
P31_L_DM_MLO,31,Benign,Benign,0,test,train,val,train,train
P32_R_DM_CC,32,Malignant,Malignant,2,train,train,test,train,train
P32_R_DM_MLO,32,Malignant,Malignant,2,train,train,test,train,train
P34_R_DM_MLO,34,Malignant,Malignant,4,train,train,train,val,test
P35_R_DM_MLO,35,Benign,Benign,3,val,train,train,test,train
P35_L_DM_CC,35,Benign,Benign,3,val,train,train,test,train
P35_L_DM_MLO,35,Benign,Benign,3,val,train,train,test,train
P37_L_DM_CC,37,Malignant,Malignant,0,test,train,train,train,train
P37_L_DM_MLO,37,Malignant,Malignant,0,test,train,train,train,train
P38_R_DM_CC,38,Malignant,Malignant,4,train,train,train,train,test
P38_R_DM_MLO,38,Malignant,Malignant,4,train,train,train,train,test
P40_R_DM_CC,40,Benign,Benign,1,train,test,train,train,train
P40_R_DM_MLO,40,Benign,Benign,1,train,test,train,train,train
P40_L_DM_CC,40,Benign,Benign,1,train,test,train,train,train
P40_L_DM_MLO,40,Benign,Benign,1,train,test,train,train,train
P44_R_DM_CC,44,Benign,Benign,3,train,train,train,test,train
P44_L_DM_CC,44,Benign,Benign,3,train,train,train,test,train
P44_L_DM_MLO,44,Benign,Benign,3,train,train,train,test,train
P45_R_DM_CC,45,Benign,Benign,1,train,test,val,train,train
P45_R_DM_MLO,45,Benign,Benign,1,train,test,val,train,train
P45_L_DM_CC,45,Benign,Benign,1,train,test,val,train,train
P45_L_DM_MLO,45,Benign,Benign,1,train,test,val,train,train
P46_L_DM_MLO,46,Benign,Benign,4,val,train,train,train,test
P47_R_DM_CC,47,Malignant,Malignant,4,train,val,train,train,test
P51_R_DM_CC,51,Malignant,Malignant,2,train,train,test,train,train
P51_R_DM_MLO,51,Malignant,Malignant,2,train,train,test,train,train
P51_L_DM_CC,51,Benign,Malignant,2,train,train,test,train,train
P51_L_DM_MLO,51,Benign,Malignant,2,train,train,test,train,train
P52_L_DM_CC,52,Benign,Benign,0,test,train,train,val,train
P52_L_DM_MLO,52,Benign,Benign,0,test,train,train,val,train
P53_R_DM_CC,53,Malignant,Malignant,3,train,train,train,test,train
P54_R_DM_CC,54,Benign,Benign,1,train,test,val,train,train
P54_R_DM_MLO,54,Benign,Benign,1,train,test,val,train,train
P55_R_DM_CC,55,Malignant,Malignant,4,train,train,train,train,test
P55_R_DM_MLO,55,Malignant,Malignant,4,train,train,train,train,test
P56_L_DM_MLO,56,Malignant,Malignant,2,train,train,test,train,train
P59_R_DM_CC,59,Malignant,Malignant,2,train,train,test,train,train
P59_R_DM_MLO,59,Malignant,Malignant,2,train,train,test,train,train
P59_L_DM_CC,59,Benign,Malignant,2,train,train,test,train,train
P59_L_DM_MLO,59,Benign,Malignant,2,train,train,test,train,train
P60_L_DM_MLO,60,Malignant,Malignant,4,train,train,train,val,test
P61_L_DM_CC,61,Benign,Benign,3,train,val,train,test,train
P61_L_DM_MLO,61,Benign,Benign,3,train,val,train,test,train
P62_R_DM_CC,62,Benign,Benign,4,train,val,train,train,test
P62_R_DM_MLO,62,Benign,Benign,4,train,val,train,train,test
P62_L_DM_CC,62,Benign,Benign,4,train,val,train,train,test
P62_L_DM_MLO,62,Benign,Benign,4,train,val,train,train,test
P64_R_DM_CC,64,Malignant,Malignant,1,train,test,train,val,train
P64_L_DM_CC,64,Benign,Malignant,1,train,test,train,val,train
P64_L_DM_MLO,64,Benign,Malignant,1,train,test,train,val,train
P65_L_DM_CC,65,Benign,Benign,0,test,val,train,train,train
P65_L_DM_MLO,65,Benign,Benign,0,test,val,train,train,train
P66_R_DM_CC,66,Malignant,Malignant,1,train,test,train,train,train
P66_R_DM_MLO,66,Malignant,Malignant,1,train,test,train,train,train
P66_L_DM_CC,66,Malignant,Malignant,1,train,test,train,train,train
P66_L_DM_MLO,66,Malignant,Malignant,1,train,test,train,train,train
P67_R_DM_MLO,67,Benign,Benign,0,test,train,train,train,train
P67_L_DM_CC,67,Benign,Benign,0,test,train,train,train,train
P68_L_DM_CC,68,Benign,Benign,3,train,train,train,test,train
P68_L_DM_MLO,68,Benign,Benign,3,train,train,train,test,train
P69_L_DM_CC,69,Benign,Benign,1,train,test,train,val,train
P70_L_DM_CC,70,Malignant,Malignant,0,test,train,val,val,train
P71_L_DM_MLO,71,Benign,Benign,3,val,train,train,test,train
P72_R_DM_CC,72,Malignant,Malignant,2,train,train,test,train,train
P73_R_DM_CC,73,Benign,Benign,2,train,train,test,val,train
P73_R_DM_MLO,73,Benign,Benign,2,train,train,test,val,train
P73_L_DM_CC,73,Benign,Benign,2,train,train,test,val,train
P73_L_DM_MLO,73,Benign,Benign,2,train,train,test,val,train
P74_L_DM_CC,74,Malignant,Malignant,4,train,train,train,train,test
P74_L_DM_MLO,74,Malignant,Malignant,4,train,train,train,train,test
P76_R_DM_CC,76,Benign,Benign,1,train,test,train,train,train
P76_R_DM_MLO,76,Benign,Benign,1,train,test,train,train,train
P77_R_DM_CC,77,Benign,Benign,0,test,train,train,train,train
P80_L_DM_CC,80,Benign,Benign,2,train,train,test,train,train
P80_L_DM_MLO,80,Benign,Benign,2,train,train,test,train,train
P81_L_DM_CC,81,Benign,Benign,0,test,train,val,train,train
P81_L_DM_MLO,81,Benign,Benign,0,test,train,val,train,train
P82_L_DM_CC,82,Malignant,Malignant,1,train,test,train,train,train
P82_L_DM_MLO,82,Malignant,Malignant,1,train,test,train,train,train
P83_L_DM_CC,83,Malignant,Malignant,2,train,train,test,train,train
P83_L_DM_MLO,83,Malignant,Malignant,2,train,train,test,train,train
P84_L_DM_CC,84,Malignant,Malignant,3,train,train,train,test,train
P84_L_DM_MLO,84,Malignant,Malignant,3,train,train,train,test,train
P85_R_DM_MLO,85,Malignant,Malignant,1,train,test,val,train,train
P86_R_DM_MLO,86,Benign,Benign,2,train,train,test,train,train
P87_L_DM_CC,87,Malignant,Malignant,0,test,train,train,train,train
P87_L_DM_MLO,87,Malignant,Malignant,0,test,train,train,train,train
P88_R_DM_CC,88,Benign,Benign,3,train,val,train,test,train
P88_R_DM_MLO,88,Benign,Benign,3,train,val,train,test,train
P89_R_DM_CC,89,Malignant,Malignant,4,train,train,train,train,test
P89_R_DM_MLO,89,Malignant,Malignant,4,train,train,train,train,test
P90_R_DM_CC,90,Malignant,Malignant,0,test,train,val,train,train
P90_R_DM_MLO,90,Malignant,Malignant,0,test,train,val,train,train
P91_L_DM_MLO,91,Benign,Benign,3,train,val,train,test,train
P93_R_DM_CC,93,Benign,Malignant,1,train,test,train,train,train
P93_R_DM_MLO,93,Benign,Malignant,1,train,test,train,train,train
P93_L_DM_CC,93,Malignant,Malignant,1,train,test,train,train,train
P93_L_DM_MLO,93,Malignant,Malignant,1,train,test,train,train,train
P94_R_DM_CC,94,Malignant,Malignant,2,val,train,test,train,train
P94_R_DM_MLO,94,Malignant,Malignant,2,val,train,test,train,train
P94_L_DM_MLO,94,Benign,Malignant,2,val,train,test,train,train
P95_L_DM_CC,95,Malignant,Malignant,0,test,train,val,train,train
P96_R_DM_CC,96,Malignant,Malignant,3,train,train,train,test,train
P96_R_DM_MLO,96,Malignant,Malignant,3,train,train,train,test,train
P96_L_DM_CC,96,Benign,Malignant,3,train,train,train,test,train
P96_L_DM_MLO,96,Benign,Malignant,3,train,train,train,test,train
P97_L_DM_CC,97,Malignant,Malignant,1,train,test,train,train,train
P97_L_DM_MLO,97,Malignant,Malignant,1,train,test,train,train,train
P98_L_DM_CC,98,Benign,Benign,3,train,train,train,test,train
P98_L_DM_MLO,98,Benign,Benign,3,train,train,train,test,train
P99_R_DM_CC,99,Malignant,Malignant,4,train,train,val,train,test
P99_R_DM_MLO,99,Malignant,Malignant,4,train,train,val,train,test
P100_L_DM_CC,100,Benign,Benign,0,test,train,train,train,train
P100_L_DM_MLO,100,Benign,Benign,0,test,train,train,train,train
P102_R_DM_CC,102,Malignant,Malignant,4,train,train,train,train,test
P102_R_DM_MLO,102,Malignant,Malignant,4,train,train,train,train,test
P103_R_DM_CC,103,Benign,Benign,3,train,train,train,test,train
P103_R_DM_MLO,103,Benign,Benign,3,train,train,train,test,train
P104_L_DM_MLO,104,Benign,Benign,4,train,train,train,train,test
P105_R_DM_CC,105,Malignant,Malignant,3,val,train,train,test,train
P105_R_DM_MLO,105,Malignant,Malignant,3,val,train,train,test,train
P106_R_DM_CC,106,Benign,Malignant,3,train,train,train,test,train
P106_L_DM_MLO,106,Malignant,Malignant,3,train,train,train,test,train
P107_R_DM_CC,107,Malignant,Malignant,1,train,test,train,train,train
P107_R_DM_MLO,107,Malignant,Malignant,1,train,test,train,train,train
P108_L_DM_CC,108,Malignant,Malignant,4,train,train,train,val,test
P110_L_DM_MLO,110,Malignant,Malignant,4,train,train,train,train,test
P111_R_DM_MLO,111,Malignant,Malignant,0,test,train,train,train,train
P113_R_DM_MLO,113,Benign,Malignant,1,train,test,train,val,train
P113_L_DM_CC,113,Malignant,Malignant,1,train,test,train,val,train
P113_L_DM_MLO,113,Malignant,Malignant,1,train,test,train,val,train
P115_R_DM_CC,115,Malignant,Malignant,2,train,train,test,val,train
P115_R_DM_MLO,115,Malignant,Malignant,2,train,train,test,val,train
P115_L_DM_CC,115,Benign,Malignant,2,train,train,test,val,train
P115_L_DM_MLO,115,Benign,Malignant,2,train,train,test,val,train
P116_R_DM_CC,116,Malignant,Malignant,0,test,train,val,train,train
P116_R_DM_MLO,116,Malignant,Malignant,0,test,train,val,train,train
P116_L_DM_MLO,116,Benign,Malignant,0,test,train,val,train,train
P117_R_DM_CC,117,Benign,Benign,2,val,train,test,train,val
P118_L_DM_CC,118,Benign,Benign,0,test,train,train,train,train
P119_R_DM_CC,119,Benign,Malignant,1,train,test,val,train,train
P119_R_DM_MLO,119,Benign,Malignant,1,train,test,val,train,train
P119_L_DM_CC,119,Malignant,Malignant,1,train,test,val,train,train
P119_L_DM_MLO,119,Malignant,Malignant,1,train,test,val,train,train
P121_R_DM_MLO,121,Benign,Malignant,4,train,train,train,train,test
P121_L_DM_CC,121,Malignant,Malignant,4,train,train,train,train,test
P122_R_DM_CC,122,Benign,Malignant,2,train,train,test,train,train
P122_R_DM_MLO,122,Benign,Malignant,2,train,train,test,train,train
P122_L_DM_CC,122,Malignant,Malignant,2,train,train,test,train,train
P122_L_DM_MLO,122,Malignant,Malignant,2,train,train,test,train,train
P123_R_DM_CC,123,Malignant,Malignant,1,val,test,val,val,val
P123_R_DM_MLO,123,Malignant,Malignant,1,val,test,val,val,val
P123_L_DM_CC,123,Benign,Malignant,1,val,test,val,val,val
P123_L_DM_MLO,123,Benign,Malignant,1,val,test,val,val,val
P124_R_DM_CC,124,Malignant,Malignant,2,train,train,test,train,train
P124_R_DM_MLO,124,Malignant,Malignant,2,train,train,test,train,train
P125_L_DM_CC,125,Benign,Benign,3,train,train,train,test,train
P125_L_DM_MLO,125,Benign,Benign,3,train,train,train,test,train
P126_L_DM_CC,126,Malignant,Malignant,3,val,val,train,test,train
P126_L_DM_MLO,126,Malignant,Malignant,3,val,val,train,test,train
P128_L_DM_CC,128,Benign,Benign,3,train,train,train,test,train
P128_L_DM_MLO,128,Benign,Benign,3,train,train,train,test,train
P129_L_DM_CC,129,Malignant,Malignant,4,train,val,train,train,test
P129_L_DM_MLO,129,Malignant,Malignant,4,train,val,train,train,test
P131_L_DM_MLO,131,Malignant,Malignant,4,train,train,train,train,test
P132_R_DM_MLO,132,Benign,Benign,4,val,train,train,val,test
P134_R_DM_MLO,134,Malignant,Malignant,2,train,train,test,train,train
P136_L_DM_MLO,136,Benign,Benign,4,train,train,val,train,test
P137_L_DM_MLO,137,Malignant,Malignant,0,test,train,train,train,train
P138_R_DM_CC,138,Malignant,Malignant,1,train,test,train,train,train
P138_R_DM_MLO,138,Malignant,Malignant,1,train,test,train,train,train
P139_R_DM_CC,139,Benign,Benign,0,test,train,train,train,train
P139_R_DM_MLO,139,Benign,Benign,0,test,train,train,train,train
P140_R_DM_CC,140,Benign,Benign,2,train,train,test,train,train
P140_R_DM_MLO,140,Benign,Benign,2,train,train,test,train,train
P141_R_DM_CC,141,Benign,Benign,3,train,train,train,test,train
P141_R_DM_MLO,141,Benign,Benign,3,train,train,train,test,train
P141_L_DM_CC,141,Benign,Benign,3,train,train,train,test,train
P141_L_DM_MLO,141,Benign,Benign,3,train,train,train,test,train
P142_R_DM_CC,142,Benign,Benign,1,train,test,train,train,train
P142_R_DM_MLO,142,Benign,Benign,1,train,test,train,train,train
P143_R_DM_CC,143,Benign,Benign,3,train,train,val,test,train
P143_R_DM_MLO,143,Benign,Benign,3,train,train,val,test,train
P143_L_DM_CC,143,Benign,Benign,3,train,train,val,test,train
P144_R_DM_CC,144,Benign,Benign,3,train,train,train,test,val
P144_R_DM_MLO,144,Benign,Benign,3,train,train,train,test,val
P144_L_DM_CC,144,Benign,Benign,3,train,train,train,test,val
P144_L_DM_MLO,144,Benign,Benign,3,train,train,train,test,val
P145_R_DM_CC,145,Benign,Malignant,1,train,test,train,train,train
P145_R_DM_MLO,145,Benign,Malignant,1,train,test,train,train,train
P145_L_DM_CC,145,Malignant,Malignant,1,train,test,train,train,train
P145_L_DM_MLO,145,Malignant,Malignant,1,train,test,train,train,train
P146_R_DM_CC,146,Malignant,Malignant,4,val,train,train,train,test
P146_R_DM_MLO,146,Malignant,Malignant,4,val,train,train,train,test
P148_R_DM_CC,148,Benign,Benign,0,test,train,train,train,train
P148_R_DM_MLO,148,Benign,Benign,0,test,train,train,train,train
P149_R_DM_CC,149,Malignant,Malignant,2,train,train,test,train,train
P149_R_DM_MLO,149,Malignant,Malignant,2,train,train,test,train,train
P149_L_DM_CC,149,Benign,Malignant,2,train,train,test,train,train
P149_L_DM_MLO,149,Benign,Malignant,2,train,train,test,train,train
P150_L_DM_CC,150,Malignant,Malignant,1,train,test,train,val,train
P150_L_DM_MLO,150,Malignant,Malignant,1,train,test,train,val,train
P151_L_DM_CC,151,Benign,Benign,2,train,val,test,train,train
P152_R_DM_CC,152,Benign,Malignant,2,train,train,test,train,train
P152_L_DM_CC,152,Malignant,Malignant,2,train,train,test,train,train
P152_L_DM_MLO,152,Malignant,Malignant,2,train,train,test,train,train
P153_R_DM_MLO,153,Benign,Benign,2,val,train,test,train,train
P153_L_DM_CC,153,Benign,Benign,2,val,train,test,train,train
P153_L_DM_MLO,153,Benign,Benign,2,val,train,test,train,train
P154_L_DM_CC,154,Malignant,Malignant,0,test,train,train,train,train
P154_L_DM_MLO,154,Malignant,Malignant,0,test,train,train,train,train
P155_L_DM_CC,155,Malignant,Malignant,3,train,train,train,test,train
P155_L_DM_MLO,155,Malignant,Malignant,3,train,train,train,test,train
P156_R_DM_CC,156,Benign,Benign,4,train,train,train,val,test
P156_R_DM_MLO,156,Benign,Benign,4,train,train,train,val,test
P159_L_DM_CC,159,Benign,Benign,0,test,val,train,val,val
P160_R_DM_CC,160,Benign,Benign,1,val,test,train,train,train
P160_L_DM_CC,160,Benign,Benign,1,val,test,train,train,train
P161_R_DM_CC,161,Benign,Benign,0,test,train,train,train,train
P161_R_DM_MLO,161,Benign,Benign,0,test,train,train,train,train
P161_L_DM_CC,161,Benign,Benign,0,test,train,train,train,train
P161_L_DM_MLO,161,Benign,Benign,0,test,train,train,train,train
P162_R_DM_CC,162,Malignant,Malignant,1,train,test,train,train,train
P162_R_DM_MLO,162,Malignant,Malignant,1,train,test,train,train,train
P163_R_DM_CC,163,Malignant,Malignant,2,train,train,test,train,val
P164_L_DM_CC,164,Benign,Benign,3,train,train,val,test,train
P165_R_DM_CC,165,Benign,Malignant,4,train,train,train,train,test
P165_R_DM_MLO,165,Benign,Malignant,4,train,train,train,train,test
P165_L_DM_CC,165,Malignant,Malignant,4,train,train,train,train,test
P165_L_DM_MLO,165,Malignant,Malignant,4,train,train,train,train,test
P167_L_DM_MLO,167,Benign,Benign,0,test,train,train,train,train
P168_L_DM_MLO,168,Malignant,Malignant,1,train,test,val,train,train
P169_R_DM_CC,169,Malignant,Malignant,2,train,train,test,train,train
P169_L_DM_CC,169,Benign,Malignant,2,train,train,test,train,train
P169_L_DM_MLO,169,Benign,Malignant,2,train,train,test,train,train
P170_R_DM_CC,170,Benign,Benign,2,train,train,test,train,train
P170_R_DM_MLO,170,Benign,Benign,2,train,train,test,train,train
P170_L_DM_CC,170,Benign,Benign,2,train,train,test,train,train
P170_L_DM_MLO,170,Benign,Benign,2,train,train,test,train,train
P171_L_DM_MLO,171,Benign,Benign,3,train,train,train,test,train
P172_R_DM_CC,172,Benign,Malignant,0,test,train,train,train,val
P172_R_DM_MLO,172,Benign,Malignant,0,test,train,train,train,val
P172_L_DM_CC,172,Malignant,Malignant,0,test,train,train,train,val
P172_L_DM_MLO,172,Malignant,Malignant,0,test,train,train,train,val
P173_L_DM_CC,173,Malignant,Malignant,3,train,train,val,test,train
P173_L_DM_MLO,173,Malignant,Malignant,3,train,train,val,test,train
P174_R_DM_CC,174,Benign,Malignant,4,train,train,val,train,test
P174_R_DM_MLO,174,Benign,Malignant,4,train,train,val,train,test
P174_L_DM_CC,174,Malignant,Malignant,4,train,train,val,train,test
P174_L_DM_MLO,174,Malignant,Malignant,4,train,train,val,train,test
P176_R_DM_CC,176,Malignant,Malignant,1,train,test,train,train,train
P176_R_DM_MLO,176,Malignant,Malignant,1,train,test,train,train,train
P177_R_DM_CC,177,Malignant,Malignant,4,train,train,train,train,test
P177_R_DM_MLO,177,Malignant,Malignant,4,train,train,train,train,test
P177_L_DM_CC,177,Benign,Malignant,4,train,train,train,train,test
P177_L_DM_MLO,177,Benign,Malignant,4,train,train,train,train,test
P179_L_DM_CC,179,Benign,Benign,2,train,val,test,val,val
P179_L_DM_MLO,179,Benign,Benign,2,train,val,test,val,val
P180_R_DM_CC,180,Malignant,Malignant,0,test,val,train,train,train
P180_R_DM_MLO,180,Malignant,Malignant,0,test,val,train,train,train
P180_L_DM_CC,180,Benign,Malignant,0,test,val,train,train,train
P180_L_DM_MLO,180,Benign,Malignant,0,test,val,train,train,train
P181_L_DM_CC,181,Benign,Benign,4,val,train,train,train,test
P181_L_DM_MLO,181,Benign,Benign,4,val,train,train,train,test
P182_R_DM_MLO,182,Benign,Benign,0,test,train,train,train,train
P183_L_DM_CC,183,Malignant,Malignant,2,train,train,test,train,train
P183_L_DM_MLO,183,Malignant,Malignant,2,train,train,test,train,train
P184_R_DM_CC,184,Malignant,Malignant,1,val,test,train,train,val
P184_R_DM_MLO,184,Malignant,Malignant,1,val,test,train,train,val
P184_L_DM_CC,184,Benign,Malignant,1,val,test,train,train,val
P184_L_DM_MLO,184,Benign,Malignant,1,val,test,train,train,val
P186_R_DM_CC,186,Benign,Malignant,3,train,train,train,test,train
P186_L_DM_CC,186,Malignant,Malignant,3,train,train,train,test,train
P186_L_DM_MLO,186,Malignant,Malignant,3,train,train,train,test,train
P187_R_DM_CC,187,Malignant,Malignant,3,train,train,train,test,val
P187_L_DM_CC,187,Benign,Malignant,3,train,train,train,test,val
P188_R_DM_CC,188,Malignant,Malignant,4,train,train,train,train,test
P188_R_DM_MLO,188,Malignant,Malignant,4,train,train,train,train,test
P189_R_DM_MLO,189,Benign,Benign,0,test,train,train,train,train
P189_L_DM_CC,189,Benign,Benign,0,test,train,train,train,train
P190_L_DM_CC,190,Malignant,Malignant,0,test,train,train,train,train
P190_L_DM_MLO,190,Malignant,Malignant,0,test,train,train,train,train
P191_R_DM_CC,191,Benign,Malignant,1,train,test,train,train,train
P191_R_DM_MLO,191,Benign,Malignant,1,train,test,train,train,train
P191_L_DM_CC,191,Malignant,Malignant,1,train,test,train,train,train
P191_L_DM_MLO,191,Malignant,Malignant,1,train,test,train,train,train
P192_R_DM_CC,192,Benign,Benign,0,test,train,train,train,train
P192_R_DM_MLO,192,Benign,Benign,0,test,train,train,train,train
P192_L_DM_CC,192,Benign,Benign,0,test,train,train,train,train
P192_L_DM_MLO,192,Benign,Benign,0,test,train,train,train,train
P193_L_DM_MLO,193,Benign,Benign,1,train,test,train,train,train
P194_R_DM_CC,194,Malignant,Malignant,2,train,train,test,train,train
P194_R_DM_MLO,194,Malignant,Malignant,2,train,train,test,train,train
P195_L_DM_CC,195,Malignant,Malignant,3,train,train,val,test,train
P195_L_DM_MLO,195,Malignant,Malignant,3,train,train,val,test,train
P196_R_DM_MLO,196,Malignant,Malignant,1,train,test,train,train,train
P196_L_DM_CC,196,Benign,Malignant,1,train,test,train,train,train
P196_L_DM_MLO,196,Benign,Malignant,1,train,test,train,train,train
P197_R_DM_CC,197,Benign,Benign,1,train,test,train,val,train
P197_R_DM_MLO,197,Benign,Benign,1,train,test,train,val,train
P197_L_DM_CC,197,Benign,Benign,1,train,test,train,val,train
P198_L_DM_CC,198,Malignant,Malignant,4,train,val,train,train,test
P198_L_DM_MLO,198,Malignant,Malignant,4,train,val,train,train,test
P200_L_DM_CC,200,Benign,Benign,2,train,val,test,train,train
P200_L_DM_MLO,200,Benign,Benign,2,train,val,test,train,train
P202_L_DM_CC,202,Malignant,Malignant,2,train,train,test,train,val
P202_L_DM_MLO,202,Malignant,Malignant,2,train,train,test,train,val
P203_R_DM_CC,203,Benign,Benign,3,train,train,val,test,train
P203_R_DM_MLO,203,Benign,Benign,3,train,train,val,test,train
P205_L_DM_MLO,205,Malignant,Malignant,4,train,train,val,val,test
P206_L_DM_CC,206,Malignant,Malignant,4,train,val,val,train,test
P206_L_DM_MLO,206,Malignant,Malignant,4,train,val,val,train,test
P207_L_DM_CC,207,Malignant,Malignant,3,train,train,train,test,train
P207_L_DM_MLO,207,Malignant,Malignant,3,train,train,train,test,train
P208_R_DM_CC,208,Malignant,Malignant,3,train,train,train,test,val
P208_R_DM_MLO,208,Malignant,Malignant,3,train,train,train,test,val
P209_R_DM_CC,209,Benign,Malignant,0,test,train,train,train,train
P209_R_DM_MLO,209,Benign,Malignant,0,test,train,train,train,train
P209_L_DM_CC,209,Malignant,Malignant,0,test,train,train,train,train
P209_L_DM_MLO,209,Malignant,Malignant,0,test,train,train,train,train
P210_L_DM_CC,210,Benign,Benign,4,train,val,train,train,test
P210_L_DM_MLO,210,Benign,Benign,4,train,val,train,train,test
P211_L_DM_CC,211,Malignant,Malignant,3,train,train,train,test,train
P211_L_DM_MLO,211,Malignant,Malignant,3,train,train,train,test,train
P212_L_DM_CC,212,Malignant,Malignant,0,test,train,train,train,val
P212_L_DM_MLO,212,Malignant,Malignant,0,test,train,train,train,val
P213_L_DM_CC,213,Malignant,Malignant,0,test,train,val,train,train
P213_L_DM_MLO,213,Malignant,Malignant,0,test,train,val,train,train
P214_L_DM_MLO,214,Malignant,Malignant,0,test,train,train,train,train
P215_L_DM_CC,215,Malignant,Malignant,1,train,test,train,val,val
P216_R_DM_CC,216,Malignant,Malignant,2,train,val,test,train,val
P216_R_DM_MLO,216,Malignant,Malignant,2,train,val,test,train,val
P217_L_DM_CC,217,Benign,Benign,1,train,test,train,train,val
P217_L_DM_MLO,217,Benign,Benign,1,train,test,train,train,val
P218_L_DM_MLO,218,Malignant,Malignant,3,train,train,train,test,train
P220_R_DM_CC,220,Malignant,Malignant,1,train,test,train,train,val
P220_R_DM_MLO,220,Malignant,Malignant,1,train,test,train,train,val
P221_L_DM_CC,221,Malignant,Malignant,2,train,train,test,train,train
P223_L_DM_CC,223,Malignant,Malignant,2,train,train,test,val,train
P223_L_DM_MLO,223,Malignant,Malignant,2,train,train,test,val,train
P224_L_DM_CC,224,Benign,Benign,4,train,train,train,train,test
P225_L_DM_CC,225,Benign,Benign,4,val,val,train,val,test
P225_L_DM_MLO,225,Benign,Benign,4,val,val,train,val,test
P227_R_DM_CC,227,Benign,Benign,0,test,train,train,train,val
P227_R_DM_MLO,227,Benign,Benign,0,test,train,train,train,val
P228_R_DM_CC,228,Benign,Benign,3,train,train,train,test,train
P228_R_DM_MLO,228,Benign,Benign,3,train,train,train,test,train
P228_L_DM_CC,228,Benign,Benign,3,train,train,train,test,train
P228_L_DM_MLO,228,Benign,Benign,3,train,train,train,test,train
P229_R_DM_MLO,229,Benign,Benign,3,train,train,train,test,train
P231_R_DM_MLO,231,Benign,Benign,4,train,train,train,train,test
P232_L_DM_CC,232,Malignant,Malignant,1,val,test,train,train,train
P232_L_DM_MLO,232,Malignant,Malignant,1,val,test,train,train,train
P233_L_DM_CC,233,Malignant,Malignant,0,test,train,train,train,val
P233_L_DM_MLO,233,Malignant,Malignant,0,test,train,train,train,val
P234_L_DM_CC,234,Benign,Benign,1,train,test,train,val,train
P235_R_DM_CC,235,Benign,Benign,2,train,train,test,val,train
P235_R_DM_MLO,235,Benign,Benign,2,train,train,test,val,train
P235_L_DM_CC,235,Benign,Benign,2,train,train,test,val,train
P235_L_DM_MLO,235,Benign,Benign,2,train,train,test,val,train
P236_L_DM_CC,236,Benign,Benign,1,train,test,train,train,train
P236_L_DM_MLO,236,Benign,Benign,1,train,test,train,train,train
P237_L_DM_CC,237,Benign,Benign,2,train,train,test,train,train
P237_L_DM_MLO,237,Benign,Benign,2,train,train,test,train,train
P238_R_DM_CC,238,Benign,Benign,3,train,train,train,test,val
P238_R_DM_MLO,238,Benign,Benign,3,train,train,train,test,val
P238_L_DM_CC,238,Benign,Benign,3,train,train,train,test,val
P238_L_DM_MLO,238,Benign,Benign,3,train,train,train,test,val
P239_R_DM_CC,239,Malignant,Malignant,4,train,val,train,train,test
P239_R_DM_MLO,239,Malignant,Malignant,4,train,val,train,train,test
P241_R_DM_CC,241,Benign,Benign,1,train,test,train,train,train
P241_L_DM_CC,241,Benign,Benign,1,train,test,train,train,train
P242_R_DM_MLO,242,Malignant,Malignant,0,test,train,train,train,train
P243_R_DM_CC,243,Malignant,Malignant,0,test,train,train,train,train
P243_R_DM_MLO,243,Malignant,Malignant,0,test,train,train,train,train
P244_L_DM_CC,244,Benign,Benign,4,train,train,train,train,test
P244_L_DM_MLO,244,Benign,Benign,4,train,train,train,train,test
P245_R_DM_CC,245,Benign,Malignant,0,test,train,train,train,train
P245_L_DM_CC,245,Malignant,Malignant,0,test,train,train,train,train
P246_R_DM_MLO,246,Malignant,Malignant,2,train,val,test,train,train
P247_L_DM_MLO,247,Malignant,Malignant,3,train,train,train,test,train
P248_L_DM_CC,248,Benign,Benign,3,train,train,train,test,train
P248_L_DM_MLO,248,Benign,Benign,3,train,train,train,test,train
P249_R_DM_CC,249,Malignant,Malignant,4,train,train,train,train,test
P249_R_DM_MLO,249,Malignant,Malignant,4,train,train,train,train,test
P251_R_DM_CC,251,Malignant,Malignant,0,test,val,train,val,train
P251_R_DM_MLO,251,Malignant,Malignant,0,test,val,train,val,train
P252_R_DM_CC,252,Malignant,Malignant,4,val,train,train,train,test
P252_R_DM_MLO,252,Malignant,Malignant,4,val,train,train,train,test
P253_R_DM_CC,253,Malignant,Malignant,4,train,train,train,train,test
P253_R_DM_MLO,253,Malignant,Malignant,4,train,train,train,train,test
P254_R_DM_CC,254,Malignant,Malignant,1,val,test,train,val,train
P254_R_DM_MLO,254,Malignant,Malignant,1,val,test,train,val,train
P254_L_DM_MLO,254,Benign,Malignant,1,val,test,train,val,train
P255_R_DM_CC,255,Benign,Malignant,2,train,train,test,val,val
P255_R_DM_MLO,255,Benign,Malignant,2,train,train,test,val,val
P255_L_DM_CC,255,Malignant,Malignant,2,train,train,test,val,val
P255_L_DM_MLO,255,Malignant,Malignant,2,train,train,test,val,val
P256_L_DM_CC,256,Malignant,Malignant,0,test,train,train,train,train
P256_L_DM_MLO,256,Malignant,Malignant,0,test,train,train,train,train
P257_R_DM_CC,257,Malignant,Malignant,3,train,val,train,test,train
P257_R_DM_MLO,257,Malignant,Malignant,3,train,val,train,test,train
P258_R_DM_CC,258,Malignant,Malignant,1,train,test,train,val,train
P258_R_DM_MLO,258,Malignant,Malignant,1,train,test,train,val,train
P259_L_DM_CC,259,Malignant,Malignant,2,train,train,test,val,train
P259_L_DM_MLO,259,Malignant,Malignant,2,train,train,test,val,train
P260_R_DM_CC,260,Malignant,Malignant,4,val,train,train,train,test
P260_R_DM_MLO,260,Malignant,Malignant,4,val,train,train,train,test
P261_L_DM_CC,261,Malignant,Malignant,2,train,train,test,train,train
P261_L_DM_MLO,261,Malignant,Malignant,2,train,train,test,train,train
P262_R_DM_CC,262,Benign,Malignant,1,train,test,train,train,train
P262_R_DM_MLO,262,Benign,Malignant,1,train,test,train,train,train
P262_L_DM_CC,262,Malignant,Malignant,1,train,test,train,train,train
P262_L_DM_MLO,262,Malignant,Malignant,1,train,test,train,train,train
P263_R_DM_CC,263,Malignant,Malignant,1,val,test,val,train,val
P263_R_DM_MLO,263,Malignant,Malignant,1,val,test,val,train,val
P263_L_DM_CC,263,Benign,Malignant,1,val,test,val,train,val
P263_L_DM_MLO,263,Benign,Malignant,1,val,test,val,train,val
P264_L_DM_CC,264,Malignant,Malignant,2,val,train,test,train,train
P264_L_DM_MLO,264,Malignant,Malignant,2,val,train,test,train,train
P265_R_DM_CC,265,Malignant,Malignant,1,train,test,train,val,train
P265_R_DM_MLO,265,Malignant,Malignant,1,train,test,train,val,train
P265_L_DM_CC,265,Malignant,Malignant,1,train,test,train,val,train
P265_L_DM_MLO,265,Malignant,Malignant,1,train,test,train,val,train
P266_R_DM_CC,266,Malignant,Malignant,3,val,train,train,test,val
P266_R_DM_MLO,266,Malignant,Malignant,3,val,train,train,test,val
P267_L_DM_CC,267,Malignant,Malignant,4,train,train,train,train,test
P267_L_DM_MLO,267,Malignant,Malignant,4,train,train,train,train,test
P268_L_DM_CC,268,Malignant,Malignant,3,train,train,train,test,val
P268_L_DM_MLO,268,Malignant,Malignant,3,train,train,train,test,val
P269_L_DM_CC,269,Malignant,Malignant,4,train,train,train,train,test
P269_L_DM_MLO,269,Malignant,Malignant,4,train,train,train,train,test
P270_R_DM_CC,270,Benign,Benign,0,test,val,train,train,train
P270_R_DM_MLO,270,Benign,Benign,0,test,val,train,train,train
P271_R_DM_CC,271,Benign,Malignant,1,val,test,val,train,train
P271_R_DM_MLO,271,Benign,Malignant,1,val,test,val,train,train
P271_L_DM_CC,271,Malignant,Malignant,1,val,test,val,train,train
P271_L_DM_MLO,271,Malignant,Malignant,1,val,test,val,train,train
P272_L_DM_CC,272,Malignant,Malignant,0,test,train,train,train,train
P272_L_DM_MLO,272,Malignant,Malignant,0,test,train,train,train,train
P273_R_DM_CC,273,Benign,Malignant,4,train,train,train,train,test
P273_R_DM_MLO,273,Benign,Malignant,4,train,train,train,train,test
P273_L_DM_CC,273,Malignant,Malignant,4,train,train,train,train,test
P273_L_DM_MLO,273,Malignant,Malignant,4,train,train,train,train,test
P274_R_DM_CC,274,Benign,Malignant,2,val,train,test,train,train
P274_R_DM_MLO,274,Benign,Malignant,2,val,train,test,train,train
P274_L_DM_CC,274,Malignant,Malignant,2,val,train,test,train,train
P274_L_DM_MLO,274,Malignant,Malignant,2,val,train,test,train,train
P275_L_DM_CC,275,Malignant,Malignant,0,test,train,train,train,train
P275_L_DM_MLO,275,Malignant,Malignant,0,test,train,train,train,train
P276_L_DM_CC,276,Malignant,Malignant,3,train,train,train,test,train
P276_L_DM_MLO,276,Malignant,Malignant,3,train,train,train,test,train
P277_L_DM_CC,277,Malignant,Malignant,2,train,train,test,train,train
P277_L_DM_MLO,277,Malignant,Malignant,2,train,train,test,train,train
P278_R_DM_CC,278,Benign,Malignant,0,test,train,train,train,train
P278_R_DM_MLO,278,Benign,Malignant,0,test,train,train,train,train
P278_L_DM_CC,278,Malignant,Malignant,0,test,train,train,train,train
P278_L_DM_MLO,278,Malignant,Malignant,0,test,train,train,train,train
P279_R_DM_CC,279,Malignant,Malignant,2,train,train,test,train,train
P279_R_DM_MLO,279,Malignant,Malignant,2,train,train,test,train,train
P280_R_DM_CC,280,Benign,Malignant,1,train,test,train,train,train
P280_R_DM_MLO,280,Benign,Malignant,1,train,test,train,train,train
P280_L_DM_CC,280,Malignant,Malignant,1,train,test,train,train,train
P280_L_DM_MLO,280,Malignant,Malignant,1,train,test,train,train,train
P281_R_DM_CC,281,Malignant,Malignant,0,test,val,train,train,train
P281_R_DM_MLO,281,Malignant,Malignant,0,test,val,train,train,train
P283_L_DM_CC,283,Malignant,Malignant,0,test,train,train,train,train
P283_L_DM_MLO,283,Malignant,Malignant,0,test,train,train,train,train
P284_R_DM_CC,284,Benign,Benign,1,train,test,train,train,train
P284_R_DM_MLO,284,Benign,Benign,1,train,test,train,train,train
P284_L_DM_CC,284,Benign,Benign,1,train,test,train,train,train
P284_L_DM_MLO,284,Benign,Benign,1,train,test,train,train,train
P285_R_DM_CC,285,Malignant,Malignant,1,train,test,train,train,val
P285_R_DM_MLO,285,Malignant,Malignant,1,train,test,train,train,val
P285_L_DM_CC,285,Benign,Malignant,1,train,test,train,train,val
P285_L_DM_MLO,285,Benign,Malignant,1,train,test,train,train,val
P286_R_DM_CC,286,Malignant,Malignant,2,train,train,test,train,train
P286_R_DM_MLO,286,Malignant,Malignant,2,train,train,test,train,train
P287_R_DM_CC,287,Benign,Malignant,3,train,train,train,test,train
P287_R_DM_MLO,287,Benign,Malignant,3,train,train,train,test,train
P287_L_DM_CC,287,Malignant,Malignant,3,train,train,train,test,train
P287_L_DM_MLO,287,Malignant,Malignant,3,train,train,train,test,train
P288_L_DM_CC,288,Malignant,Malignant,4,val,train,val,train,test
P288_L_DM_MLO,288,Malignant,Malignant,4,val,train,val,train,test
P289_R_DM_CC,289,Malignant,Malignant,3,train,train,train,test,val
P289_R_DM_MLO,289,Malignant,Malignant,3,train,train,train,test,val
P290_R_DM_CC,290,Malignant,Malignant,2,train,train,test,val,val
P290_R_DM_MLO,290,Malignant,Malignant,2,train,train,test,val,val
P290_L_DM_CC,290,Benign,Malignant,2,train,train,test,val,val
P290_L_DM_MLO,290,Benign,Malignant,2,train,train,test,val,val
P291_R_DM_CC,291,Malignant,Malignant,3,train,train,train,test,train
P291_R_DM_MLO,291,Malignant,Malignant,3,train,train,train,test,train
P292_R_DM_CC,292,Malignant,Malignant,2,train,train,test,val,val
P292_R_DM_MLO,292,Malignant,Malignant,2,train,train,test,val,val
P292_L_DM_MLO,292,Benign,Malignant,2,train,train,test,val,val
P293_R_DM_CC,293,Benign,Benign,0,test,val,train,train,train
P293_R_DM_MLO,293,Benign,Benign,0,test,val,train,train,train
P294_R_DM_CC,294,Benign,Benign,4,val,train,train,train,test
P294_R_DM_MLO,294,Benign,Benign,4,val,train,train,train,test
P295_R_DM_CC,295,Benign,Benign,2,train,val,test,train,train
P295_R_DM_MLO,295,Benign,Benign,2,train,val,test,train,train
P295_L_DM_CC,295,Benign,Benign,2,train,val,test,train,train
P295_L_DM_MLO,295,Benign,Benign,2,train,val,test,train,train
P296_R_DM_CC,296,Benign,Malignant,1,val,test,train,train,train
P296_R_DM_MLO,296,Benign,Malignant,1,val,test,train,train,train
P296_L_DM_CC,296,Malignant,Malignant,1,val,test,train,train,train
P296_L_DM_MLO,296,Malignant,Malignant,1,val,test,train,train,train
P297_R_DM_CC,297,Benign,Malignant,4,train,train,train,train,test
P297_R_DM_MLO,297,Benign,Malignant,4,train,train,train,train,test
P297_L_DM_CC,297,Malignant,Malignant,4,train,train,train,train,test
P297_L_DM_MLO,297,Malignant,Malignant,4,train,train,train,train,test
P298_L_DM_CC,298,Malignant,Malignant,2,train,train,test,train,train
P298_L_DM_MLO,298,Malignant,Malignant,2,train,train,test,train,train
P299_R_DM_CC,299,Malignant,Malignant,3,train,train,train,test,train
P300_R_DM_CC,300,Benign,Benign,4,train,train,val,train,test
P300_R_DM_MLO,300,Benign,Benign,4,train,train,val,train,test
P301_R_DM_CC,301,Benign,Benign,3,train,train,train,test,val
P301_R_DM_MLO,301,Benign,Benign,3,train,train,train,test,val
P301_L_DM_CC,301,Benign,Benign,3,train,train,train,test,val
P301_L_DM_MLO,301,Benign,Benign,3,train,train,train,test,val
P302_L_DM_CC,302,Benign,Benign,0,test,train,val,train,train
P302_L_DM_MLO,302,Benign,Benign,0,test,train,val,train,train
P303_L_DM_CC,303,Malignant,Malignant,3,train,train,train,test,train
P303_L_DM_MLO,303,Malignant,Malignant,3,train,train,train,test,train
P304_R_DM_CC,304,Malignant,Malignant,0,test,train,train,val,val
P304_R_DM_MLO,304,Malignant,Malignant,0,test,train,train,val,val
P305_R_DM_CC,305,Malignant,Malignant,4,val,val,train,train,test
P305_R_DM_MLO,305,Malignant,Malignant,4,val,val,train,train,test
P305_L_DM_CC,305,Benign,Malignant,4,val,val,train,train,test
P305_L_DM_MLO,305,Benign,Malignant,4,val,val,train,train,test
P306_R_DM_CC,306,Malignant,Malignant,1,train,test,train,train,train
P306_R_DM_MLO,306,Malignant,Malignant,1,train,test,train,train,train
P306_L_DM_CC,306,Malignant,Malignant,1,train,test,train,train,train
P306_L_DM_MLO,306,Malignant,Malignant,1,train,test,train,train,train
P307_R_DM_CC,307,Benign,Malignant,1,train,test,train,train,train
P307_R_DM_MLO,307,Benign,Malignant,1,train,test,train,train,train
P307_L_DM_CC,307,Malignant,Malignant,1,train,test,train,train,train
P307_L_DM_MLO,307,Malignant,Malignant,1,train,test,train,train,train
P308_L_DM_CC,308,Malignant,Malignant,0,test,train,train,train,train
P308_L_DM_MLO,308,Malignant,Malignant,0,test,train,train,train,train
P309_R_DM_CC,309,Benign,Benign,2,train,train,test,train,train
P309_R_DM_MLO,309,Benign,Benign,2,train,train,test,train,train
P309_L_DM_CC,309,Benign,Benign,2,train,train,test,train,train
P309_L_DM_MLO,309,Benign,Benign,2,train,train,test,train,train
P310_R_DM_CC,310,Benign,Malignant,4,train,train,train,train,test
P310_R_DM_MLO,310,Benign,Malignant,4,train,train,train,train,test
P310_L_DM_CC,310,Malignant,Malignant,4,train,train,train,train,test
P310_L_DM_MLO,310,Malignant,Malignant,4,train,train,train,train,test
P311_R_DM_CC,311,Malignant,Malignant,3,train,train,train,test,train
P311_R_DM_MLO,311,Malignant,Malignant,3,train,train,train,test,train
P311_L_DM_CC,311,Benign,Malignant,3,train,train,train,test,train
P311_L_DM_MLO,311,Benign,Malignant,3,train,train,train,test,train
P312_L_DM_CC,312,Malignant,Malignant,0,test,train,train,train,train
P312_L_DM_MLO,312,Malignant,Malignant,0,test,train,train,train,train
P313_R_DM_CC,313,Malignant,Malignant,1,train,test,train,train,train
P313_R_DM_MLO,313,Malignant,Malignant,1,train,test,train,train,train
P313_L_DM_CC,313,Malignant,Malignant,1,train,test,train,train,train
P313_L_DM_MLO,313,Malignant,Malignant,1,train,test,train,train,train
P314_L_DM_CC,314,Malignant,Malignant,2,train,train,test,train,train
P314_L_DM_MLO,314,Malignant,Malignant,2,train,train,test,train,train
P315_R_DM_CC,315,Benign,Malignant,1,val,test,train,train,val
P315_R_DM_MLO,315,Benign,Malignant,1,val,test,train,train,val
P315_L_DM_CC,315,Malignant,Malignant,1,val,test,train,train,val
P315_L_DM_MLO,315,Malignant,Malignant,1,val,test,train,train,val
P316_R_DM_CC,316,Benign,Malignant,3,train,train,val,test,train
P316_R_DM_MLO,316,Benign,Malignant,3,train,train,val,test,train
P316_L_DM_CC,316,Malignant,Malignant,3,train,train,val,test,train
P316_L_DM_MLO,316,Malignant,Malignant,3,train,train,val,test,train
P317_R_DM_CC,317,Benign,Malignant,2,train,train,test,train,train
P317_R_DM_MLO,317,Benign,Malignant,2,train,train,test,train,train
P317_L_DM_CC,317,Malignant,Malignant,2,train,train,test,train,train
P317_L_DM_MLO,317,Malignant,Malignant,2,train,train,test,train,train
P318_R_DM_CC,318,Malignant,Malignant,0,test,train,val,train,train
P318_R_DM_MLO,318,Malignant,Malignant,0,test,train,val,train,train
P318_L_DM_CC,318,Benign,Malignant,0,test,train,val,train,train
P318_L_DM_MLO,318,Benign,Malignant,0,test,train,val,train,train
P319_R_DM_CC,319,Benign,Benign,4,train,train,train,train,test
P319_R_DM_MLO,319,Benign,Benign,4,train,train,train,train,test
P319_L_DM_CC,319,Benign,Benign,4,train,train,train,train,test
P319_L_DM_MLO,319,Benign,Benign,4,train,train,train,train,test
P320_L_DM_CC,320,Malignant,Malignant,4,train,train,train,train,test
P320_L_DM_MLO,320,Malignant,Malignant,4,train,train,train,train,test
P321_R_DM_CC,321,Malignant,Malignant,1,train,test,train,train,train
P321_R_DM_MLO,321,Malignant,Malignant,1,train,test,train,train,train
P322_L_DM_CC,322,Malignant,Malignant,3,val,val,train,test,train
P322_L_DM_MLO,322,Malignant,Malignant,3,val,val,train,test,train
P323_L_DM_CC,323,Malignant,Malignant,3,train,train,train,test,train
P323_L_DM_MLO,323,Malignant,Malignant,3,train,train,train,test,train
P324_R_DM_MLO,324,Benign,Benign,4,train,train,train,train,test
P325_R_DM_CC,325,Benign,Benign,2,train,train,test,train,train
P325_R_DM_MLO,325,Benign,Benign,2,train,train,test,train,train
P326_R_DM_CC,326,Benign,Malignant,2,train,train,test,train,train
P326_R_DM_MLO,326,Benign,Malignant,2,train,train,test,train,train
P326_L_DM_CC,326,Malignant,Malignant,2,train,train,test,train,train
P326_L_DM_MLO,326,Malignant,Malignant,2,train,train,test,train,train
